id,title,main_picture,alternative_titles,start_date,end_date,synopsis,mean,rank,popularity,num_list_users,num_scoring_users,nsfw,created_at,updated_at,media_type,status,genres,num_episodes,start_season,broadcast,source,average_episode_duration,rating,pictures,background,related_anime,related_manga,recommendations,studios,statistics
1,Cowboy Bebop,"{'medium': 'https://cdn.myanimelist.net/images/anime/4/19644.jpg', 'large': 'https://cdn.myanimelist.net/images/anime/4/19644l.jpg'}","{'synonyms': [], 'en': 'Cowboy Bebop', 'ja': 'カウボーイビバップ'}",1998-04-03,1999-04-24,"Crime is timeless. By the year 2071, humanity has expanded across the galaxy, filling the surface of other planets with settlements like those on Earth. These new societies are plagued by murder, drug use, and theft, and intergalactic outlaws are hunted by a growing number of tough bounty hunters.

Spike Spiegel and Jet Black pursue criminals throughout space to make a humble living. Beneath his goofy and aloof demeanor, Spike is haunted by the weight of his violent past. Meanwhile, Jet manages his own troubled memories while taking care of Spike and the Bebop, their ship. The duo is joined by the beautiful con artist Faye Valentine, odd child Edward Wong Hau Pepelu Tivrusky IV, and Ein, a bioengineered Welsh Corgi.

While developing bonds and working to catch a colorful cast of criminals, the Bebop crew's lives are disrupted by a menace from Spike's past. As a rival's maniacal plot continues to unravel, Spike must choose between life with his newfound family or revenge for his old wounds.

[Written by MAL Rewrite]
",8.75,41,43,1777165,917297,white,2005-06-30T05:01:56+00:00,2023-04-02T18:20:37+00:00,tv,finished_airing,"[{'id': 1, 'name': 'Action'}, {'id': 50, 'name': 'Adult Cast'}, {'id': 46, 'name': 'Award Winning'}, {'id': 24, 'name': 'Sci-Fi'}, {'id': 29, 'name': 'Space'}]",26,"{'year': 1998, 'season': 'spring'}","{'day_of_the_week': 'saturday', 'start_time': '01:00'}",original,1440,r,"[{'medium': 'https://cdn.myanimelist.net/images/anime/7/3791.jpg', 'large': 'https://cdn.myanimelist.net/images/anime/7/3791l.jpg'}, {'medium': 'https://cdn.myanimelist.net/images/anime/12/19609.jpg', 'large': 'https://cdn.myanimelist.net/images/anime/12/19609l.jpg'}, {'medium': 'https://cdn.myanimelist.net/images/anime/4/19644.jpg', 'large': 'https://cdn.myanimelist.net/images/anime/4/19644l.jpg'}, {'medium': 'https://cdn.myanimelist.net/images/anime/4/22882.jpg', 'large': 'https://cdn.myanimelist.net/images/anime/4/22882l.jpg'}, {'medium': 'https://cdn.myanimelist.net/images/anime/12/22883.jpg', 'large': 'https://cdn.myanimelist.net/images/anime/12/22883l.jpg'}, {'medium': 'https://cdn.myanimelist.net/images/anime/6/22885.jpg', 'large': 'https://cdn.myanimelist.net/images/anime/6/22885l.jpg'}, {'medium': 'https://cdn.myanimelist.net/images/anime/11/53939.jpg', 'large': 'https://cdn.myanimelist.net/images/anime/11/53939l.jpg'}, {'medium': 'https://cdn.myanimelist.net/images/anime/2/78836.jpg', 'large': 'https://cdn.myanimelist.net/images/anime/2/78836l.jpg'}, {'medium': 'https://cdn.myanimelist.net/images/anime/12/81920.jpg', 'large': 'https://cdn.myanimelist.net/images/anime/12/81920l.jpg'}, {'medium': 'https://cdn.myanimelist.net/images/anime/1519/91488.jpg', 'large': 'https://cdn.myanimelist.net/images/anime/1519/91488l.jpg'}, {'medium': 'https://cdn.myanimelist.net/images/anime/1764/109632.jpg', 'large': 'https://cdn.myanimelist.net/images/anime/1764/109632l.jpg'}, {'medium': 'https://cdn.myanimelist.net/images/anime/1952/121242.jpg', 'large': 'https://cdn.myanimelist.net/images/anime/1952/121242l.jpg'}, {'medium': 'https://cdn.myanimelist.net/images/anime/1623/122582.jpg', 'large': 'https://cdn.myanimelist.net/images/anime/1623/122582l.jpg'}]","When Cowboy Bebop first aired in spring of 1998 on TV Tokyo, only episodes 2, 3, 7-15, and 18 were broadcast, it was concluded with a recap special known as Yose Atsume Blues. This was due to anime censorship having increased following the big controversies over Evangelion, as a result most of the series was pulled from the air due to violent content. Satellite channel WOWOW picked up the series in the fall of that year and aired it in its entirety uncensored. Cowboy Bebop was not a ratings hit in Japan, but sold over 19,000 DVD units in the initial release run, and 81,000 overall. Protagonist Spike Spiegel won Best Male Character, and Megumi Hayashibara won Best Voice Actor for her role as Faye Valentine in the 1999 and 2000 Anime Grand Prix, respectively.

Cowboy Bebop's biggest influence has been in the United States, where it premiered on Adult Swim in 2001 with many reruns since. The show's heavy Western influence struck a chord with American viewers, where it became a ""gateway drug"" to anime aimed at adult audiences.","[{'node': {'id': 5, 'title': 'Cowboy Bebop: Tengoku no Tobira', 'main_picture': {'medium': 'https://cdn.myanimelist.net/images/anime/1439/93480.jpg', 'large': 'https://cdn.myanimelist.net/images/anime/1439/93480l.jpg'}}, 'relation_type': 'side_story', 'relation_type_formatted': 'Side story'}, {'node': {'id': 4037, 'title': 'Cowboy Bebop: Yose Atsume Blues', 'main_picture': {'medium': 'https://cdn.myanimelist.net/images/anime/10/54341.jpg', 'large': 'https://cdn.myanimelist.net/images/anime/10/54341l.jpg'}}, 'relation_type': 'summary', 'relation_type_formatted': 'Summary'}, {'node': {'id': 17205, 'title': 'Cowboy Bebop: Ein no Natsuyasumi', 'main_picture': {'medium': 'https://cdn.myanimelist.net/images/anime/1565/127387.jpg', 'large': 'https://cdn.myanimelist.net/images/anime/1565/127387l.jpg'}}, 'relation_type': 'side_story', 'relation_type_formatted': 'Side story'}]",[],"[{'node': {'id': 205, 'title': 'Samurai Champloo', 'main_picture': {'medium': 'https://cdn.myanimelist.net/images/anime/1375/121599.jpg', 'large': 'https://cdn.myanimelist.net/images/anime/1375/121599l.jpg'}}, 'num_recommendations': 118}, {'node': {'id': 6, 'title': 'Trigun', 'main_picture': {'medium': 'https://cdn.myanimelist.net/images/anime/7/20310.jpg', 'large': 'https://cdn.myanimelist.net/images/anime/7/20310l.jpg'}}, 'num_recommendations': 84}, {'node': {'id': 889, 'title': 'Black Lagoon', 'main_picture': {'medium': 'https://cdn.myanimelist.net/images/anime/1906/121592.jpg', 'large': 'https://cdn.myanimelist.net/images/anime/1906/121592l.jpg'}}, 'num_recommendations': 69}, {'node': {'id': 400, 'title': 'Seihou Bukyou Outlaw Star', 'main_picture': {'medium': 'https://cdn.myanimelist.net/images/anime/7/28848.jpg', 'large': 'https://cdn.myanimelist.net/images/anime/7/28848l.jpg'}}, 'num_recommendations': 48}, {'node': {'id': 20057, 'title': 'Space☆Dandy', 'main_picture': {'medium': 'https://cdn.myanimelist.net/images/anime/4/56611.jpg', 'large': 'https://cdn.myanimelist.net/images/anime/4/56611l.jpg'}}, 'num_recommendations': 36}, {'node': {'id': 2251, 'title': 'Baccano!', 'main_picture': {'medium': 'https://cdn.myanimelist.net/images/anime/3/14547.jpg', 'large': 'https://cdn.myanimelist.net/images/anime/3/14547l.jpg'}}, 'num_recommendations': 28}, {'node': {'id': 4087, 'title': 'Michiko to Hatchin', 'main_picture': {'medium': 'https://cdn.myanimelist.net/images/anime/10/59535.jpg', 'large': 'https://cdn.myanimelist.net/images/anime/10/59535l.jpg'}}, 'num_recommendations': 18}, {'node': {'id': 2025, 'title': 'Darker than Black: Kuro no Keiyakusha', 'main_picture': {'medium': 'https://cdn.myanimelist.net/images/anime/5/19570.jpg', 'large': 'https://cdn.myanimelist.net/images/anime/5/19570l.jpg'}}, 'num_recommendations': 16}, {'node': {'id': 918, 'title': 'Gintama', 'main_picture': {'medium': 'https://cdn.myanimelist.net/images/anime/10/73274.jpg', 'large': 'https://cdn.myanimelist.net/images/anime/10/73274l.jpg'}}, 'num_recommendations': 13}, {'node': {'id': 13601, 'title': 'Psycho-Pass', 'main_picture': {'medium': 'https://cdn.myanimelist.net/images/anime/5/43399.jpg', 'large': 'https://cdn.myanimelist.net/images/anime/5/43399l.jpg'}}, 'num_recommendations': 12}]","[{'id': 14, 'name': 'Sunrise'}]","{'status': {'watching': '166492', 'completed': '1021088', 'on_hold': '101951', 'dropped': '40121', 'plan_to_watch': '447491'}, 'num_list_users': 1777143}"
5,Cowboy Bebop: Tengoku no Tobira,"{'medium': 'https://cdn.myanimelist.net/images/anime/1439/93480.jpg', 'large': 'https://cdn.myanimelist.net/images/anime/1439/93480l.jpg'}","{'synonyms': [""Cowboy Bebop: Knockin' on Heaven's Door""], 'en': 'Cowboy Bebop: The Movie', 'ja': 'カウボーイビバップ 天国の扉'}",2001-09-01,2001-09-01,"Another day, another bounty—such is the life of the often unlucky crew of the Bebop. However, this routine is interrupted when Faye, who is chasing a fairly worthless target on Mars, witnesses an oil tanker suddenly explode, causing mass hysteria. As casualties mount due to a strange disease spreading through the smoke from the blast, a whopping three hundred million woolong price is placed on the head of the supposed perpetrator.

With lives at stake and a solution to their money problems in sight, the Bebop crew springs into action. Spike, Jet, Faye, and Edward, followed closely by Ein, split up to pursue different leads across Alba City. Through their individual investigations, they discover a cover-up scheme involving a pharmaceutical company, revealing a plot that reaches much further than the ragtag team of bounty hunters could have realized.

[Written by MAL Rewrite]",8.38,187,602,361975,206789,white,2005-11-10T17:19:54+00:00,2023-01-23T23:52:51+00:00,movie,finished_airing,"[{'id': 1, 'name': 'Action'}, {'id': 50, 'name': 'Adult Cast'}, {'id': 24, 'name': 'Sci-Fi'}, {'id': 29, 'name': 'Space'}]",1,"{'year': 2001, 'season': 'summer'}",original,6911,r,"[{'medium': 'https://cdn.myanimelist.net/images/anime/13/5171.jpg', 'large': 'https://cdn.myanimelist.net/images/anime/13/5171l.jpg'}, {'medium': 'https://cdn.myanimelist.net/images/anime/6/14331.jpg', 'large': 'https://cdn.myanimelist.net/images/anime/6/14331l.jpg'}, {'medium': 'https://cdn.myanimelist.net/images/anime/12/69601.jpg', 'large': 'https://cdn.myanimelist.net/images/anime/12/69601l.jpg'}, {'medium': 'https://cdn.myanimelist.net/images/anime/10/74089.jpg', 'large': 'https://cdn.myanimelist.net/images/anime/10/74089l.jpg'}, {'medium': 'https://cdn.myanimelist.net/images/anime/10/80113.jpg', 'large': 'https://cdn.myanimelist.net/images/anime/10/80113l.jpg'}, {'medium': 'https://cdn.myanimelist.net/images/anime/1185/92795.jpg', 'large': 'https://cdn.myanimelist.net/images/anime/1185/92795l.jpg'}, {'medium': 'https://cdn.myanimelist.net/images/anime/1439/93480.jpg', 'large': 'https://cdn.myanimelist.net/images/anime/1439/93480l.jpg'}, {'medium': 'https://cdn.myanimelist.net/images/anime/1018/120197.jpg', 'large': 'https://cdn.myanimelist.net/images/anime/1018/120197l.jpg'}]",,"[{'node': {'id': 1, 'title': 'Cowboy Bebop', 'main_picture': {'medium': 'https://cdn.myanimelist.net/images/anime/4/19644.jpg', 'large': 'https://cdn.myanimelist.net/images/anime/4/19644l.jpg'}}, 'relation_type': 'parent_story', 'relation_type_formatted': 'Parent story'}]",[],"[{'node': {'id': 4106, 'title': 'Trigun: Badlands Rumble', 'main_picture': {'medium': 'https://cdn.myanimelist.net/images/anime/1930/116400.jpg', 'large': 'https://cdn.myanimelist.net/images/anime/1930/116400l.jpg'}}, 'num_recommendations': 3}, {'node': {'id': 122, 'title': 'Full Moon wo Sagashite', 'main_picture': {'medium': 'https://cdn.myanimelist.net/images/anime/1900/99154.jpg', 'large': 'https://cdn.myanimelist.net/images/anime/1900/99154l.jpg'}}, 'num_recommendations': 2}, {'node': {'id': 21339, 'title': 'Psycho-Pass Movie', 'main_picture': {'medium': 'https://cdn.myanimelist.net/images/anime/8/71793.jpg', 'large': 'https://cdn.myanimelist.net/images/anime/8/71793l.jpg'}}, 'num_recommendations': 2}, {'node': {'id': 522, 'title': 'Metropolis', 'main_picture': {'medium': 'https://cdn.myanimelist.net/images/anime/4/75601.jpg', 'large': 'https://cdn.myanimelist.net/images/anime/4/75601l.jpg'}}, 'num_recommendations': 1}, {'node': {'id': 393, 'title': 'Escaflowne', 'main_picture': {'medium': 'https://cdn.myanimelist.net/images/anime/1539/94517.jpg', 'large': 'https://cdn.myanimelist.net/images/anime/1539/94517l.jpg'}}, 'num_recommendations': 1}, {'node': {'id': 570, 'title': 'Jin-Rou', 'main_picture': {'medium': 'https://cdn.myanimelist.net/images/anime/1323/103343.jpg', 'large': 'https://cdn.myanimelist.net/images/anime/1323/103343l.jpg'}}, 'num_recommendations': 1}, {'node': {'id': 1811, 'title': 'Bounty Dog: Getsumen no Ibu', 'main_picture': {'medium': 'https://cdn.myanimelist.net/images/anime/1064/96383.jpg', 'large': 'https://cdn.myanimelist.net/images/anime/1064/96383l.jpg'}}, 'num_recommendations': 1}, {'node': {'id': 1226, 'title': 'Seihou Tenshi Angel Links', 'main_picture': {'medium': 'https://cdn.myanimelist.net/images/anime/1578/117541.jpg', 'large': 'https://cdn.myanimelist.net/images/anime/1578/117541l.jpg'}}, 'num_recommendations': 1}, {'node': {'id': 1796, 'title': 'Dirty Pair: The Movie', 'main_picture': {'medium': 'https://cdn.myanimelist.net/images/anime/1855/92685.jpg', 'large': 'https://cdn.myanimelist.net/images/anime/1855/92685l.jpg'}}, 'num_recommendations': 1}, {'node': {'id': 9135, 'title': 'Fullmetal Alchemist: The Sacred Star of Milos', 'main_picture': {'medium': 'https://cdn.myanimelist.net/images/anime/2/29550.jpg', 'large': 'https://cdn.myanimelist.net/images/anime/2/29550l.jpg'}}, 'num_recommendations': 1}]","[{'id': 4, 'name': 'Bones'}]","{'status': {'watching': '6561', 'completed': '268224', 'on_hold': '2833', 'dropped': '1117', 'plan_to_watch': '83230'}, 'num_list_users': 361965}"
6,Trigun,"{'medium': 'https://cdn.myanimelist.net/images/anime/7/20310.jpg', 'large': 'https://cdn.myanimelist.net/images/anime/7/20310l.jpg'}","{'synonyms': [], 'en': 'Trigun', 'ja': 'トライガン'}",1998-04-01,1998-09-30,"Vash the Stampede is the man with a $$60,000,000,000 bounty on his head. The reason: he's a merciless villain who lays waste to all those that oppose him and flattens entire cities for fun, garnering him the title ""The Humanoid Typhoon."" He leaves a trail of death and destruction wherever he goes, and anyone can count themselves dead if they so much as make eye contact—or so the rumors say. In actuality, Vash is a huge softie who claims to have never taken a life and avoids violence at all costs.

With his crazy doughnut obsession and buffoonish attitude in tow, Vash traverses the wasteland of the planet Gunsmoke, all the while followed by two insurance agents, Meryl Stryfe and Milly Thompson, who attempt to minimize his impact on the public. But soon, their misadventures evolve into life-or-death situations as a group of legendary assassins are summoned to bring about suffering to the trio. Vash's agonizing past will be unraveled and his morality and principles pushed to the breaking point.

[Written by MAL Rewrite]",8.22,325,246,729522,357808,white,2005-11-10T17:34:54+00:00,2023-01-25T14:53:16+00:00,tv,finished_airing,"[{'id': 1, 'name': 'Action'}, {'id': 50, 'name': 'Adult Cast'}, {'id': 2, 'name': 'Adventure'}, {'id': 24, 'name': 'Sci-Fi'}, {'id': 27, 'name': 'Shounen'}]",26,"{'year': 1998, 'season': 'spring'}","{'day_of_the_week': 'thursday', 'start_time': '01:15'}",manga,1480,pg_13,"[{'medium': 'https://cdn.myanimelist.net/images/anime/8/19968.jpg', 'large': 'https://cdn.myanimelist.net/images/anime/8/19968l.jpg'}, {'medium': 'https://cdn.myanimelist.net/images/anime/7/20310.jpg', 'large': 'https://cdn.myanimelist.net/images/anime/7/20310l.jpg'}, {'medium': 'https://cdn.myanimelist.net/images/anime/10/20473.jpg', 'large': 'https://cdn.myanimelist.net/images/anime/10/20473l.jpg'}, {'medium': 'https://cdn.myanimelist.net/images/anime/8/22886.jpg', 'large': 'https://cdn.myanimelist.net/images/anime/8/22886l.jpg'}, {'medium': 'https://cdn.myanimelist.net/images/anime/2/22887.jpg', 'large': 'https://cdn.myanimelist.net/images/anime/2/22887l.jpg'}, {'medium': 'https://cdn.myanimelist.net/images/anime/2/22888.jpg', 'large': 'https://cdn.myanimelist.net/images/anime/2/22888l.jpg'}, {'medium': 'https://cdn.myanimelist.net/images/anime/8/22889.jpg', 'large': 'https://cdn.myanimelist.net/images/anime/8/22889l.jpg'}, {'medium': 'https://cdn.myanimelist.net/images/anime/5/75182.jpg', 'large': 'https://cdn.myanimelist.net/images/anime/5/75182l.jpg'}, {'medium': 'https://cdn.myanimelist.net/images/anime/1175/92512.jpg', 'large': 'https://cdn.myanimelist.net/images/anime/1175/92512l.jpg'}, {'medium': 'https://cdn.myanimelist.net/images/anime/1130/120002.jpg', 'large': 'https://cdn.myanimelist.net/images/anime/1130/120002l.jpg'}]","The Japanese release by Victor Entertainment has different openings relating to the specific episode it's played on. The initial Geneon Entertainment USA (then known as Pioneer) releases on VHS and DVD (singles, Signature Series, and box set) used only the first opening on each episode. This was due to the Japanese licensor providing them clean materials for only the first opening to put the English credits on. Geneon later fixed this mistake on their Limited Edition tin releases in 2005/2006, as well as on the Remix singles. Following Geneon USA's demise in late 2007, the show went out of print. When FUNimation Entertainment picked up the show in 2010 and released it, they repeated Geneon's mistake of using only the first opening on every episode. This mistake was later fixed in 2013 on the Anime Classics re-release.","[{'node': {'id': 4106, 'title': 'Trigun: Badlands Rumble', 'main_picture': {'medium': 'https://cdn.myanimelist.net/images/anime/1930/116400.jpg', 'large': 'https://cdn.myanimelist.net/images/anime/1930/116400l.jpg'}}, 'relation_type': 'side_story', 'relation_type_formatted': 'Side story'}, {'node': {'id': 52093, 'title': 'Trigun Stampede', 'main_picture': {'medium': 'https://cdn.myanimelist.net/images/anime/1426/129194.jpg', 'large': 'https://cdn.myanimelist.net/images/anime/1426/129194l.jpg'}}, 'relation_type': 'alternative_version', 'relation_type_formatted': 'Alternative version'}]",[],"[{'node': {'id': 1, 'title': 'Cowboy Bebop', 'main_picture': {'medium': 'https://cdn.myanimelist.net/images/anime/4/19644.jpg', 'large': 'https://cdn.myanimelist.net/images/anime/4/19644l.jpg'}}, 'num_recommendations': 84}, {'node': {'id': 45, 'title': 'Rurouni Kenshin: Meiji Kenkaku Romantan', 'main_picture': {'medium': 'https://cdn.myanimelist.net/images/anime/1346/119505.jpg', 'large': 'https://cdn.myanimelist.net/images/anime/1346/119505l.jpg'}}, 'num_recommendations': 25}, {'node': {'id': 27, 'title': 'Trinity Blood', 'main_picture': {'medium': 'https://cdn.myanimelist.net/images/anime/10/24649.jpg', 'large': 'https://cdn.myanimelist.net/images/anime/10/24649l.jpg'}}, 'num_recommendations': 12}, {'node': {'id': 411, 'title': 'Gun x Sword', 'main_picture': {'medium': 'https://cdn.myanimelist.net/images/anime/3/25380.jpg', 'large': 'https://cdn.myanimelist.net/images/anime/3/25380l.jpg'}}, 'num_recommendations': 10}, {'node': {'id': 267, 'title': 'Gungrave', 'main_picture': {'medium': 'https://cdn.myanimelist.net/images/anime/11/75724.jpg', 'large': 'https://cdn.myanimelist.net/images/anime/11/75724l.jpg'}}, 'num_recommendations': 10}, {'node': {'id': 4981, 'title': 'Casshern Sins', 'main_picture': {'medium': 'https://cdn.myanimelist.net/images/anime/8/23336.jpg', 'large': 'https://cdn.myanimelist.net/images/anime/8/23336l.jpg'}}, 'num_recommendations': 8}, {'node': {'id': 24439, 'title': 'Kekkai Sensen', 'main_picture': {'medium': 'https://cdn.myanimelist.net/images/anime/12/73559.jpg', 'large': 'https://cdn.myanimelist.net/images/anime/12/73559l.jpg'}}, 'num_recommendations': 7}, {'node': {'id': 40256, 'title': 'Cannon Busters', 'main_picture': {'medium': 'https://cdn.myanimelist.net/images/anime/1452/102628.jpg', 'large': 'https://cdn.myanimelist.net/images/anime/1452/102628l.jpg'}}, 'num_recommendations': 6}, {'node': {'id': 297, 'title': 'Grenadier: Hohoemi no Senshi', 'main_picture': {'medium': 'https://cdn.myanimelist.net/images/anime/1691/114822.jpg', 'large': 'https://cdn.myanimelist.net/images/anime/1691/114822l.jpg'}}, 'num_recommendations': 6}, {'node': {'id': 205, 'title': 'Samurai Champloo', 'main_picture': {'medium': 'https://cdn.myanimelist.net/images/anime/1375/121599.jpg', 'large': 'https://cdn.myanimelist.net/images/anime/1375/121599l.jpg'}}, 'num_recommendations': 5}]","[{'id': 11, 'name': 'Madhouse'}]","{'status': {'watching': '44509', 'completed': '428391', 'on_hold': '31993', 'dropped': '18009', 'plan_to_watch': '206606'}, 'num_list_users': 729508}"
7,Witch Hunter Robin,"{'medium': 'https://cdn.myanimelist.net/images/anime/10/19969.jpg', 'large': 'https://cdn.myanimelist.net/images/anime/10/19969l.jpg'}","{'synonyms': ['WHR'], 'en': 'Witch Hunter Robin', 'ja': 'Witch Hunter ROBIN (ウイッチハンターロビン)'}",2002-07-03,2002-12-25,"Robin Sena is a powerful craft user drafted into the STNJ—a group of specialized hunters that fight deadly beings known as Witches. Though her fire power is great, she's got a lot to learn about her powers and working with her cool and aloof partner, Amon. But the truth about the Witches and herself will leave Robin on an entirely new path that she never expected!

(Source: Funimation)",7.25,2774,1801,112199,42905,white,2005-11-10T22:14:20+00:00,2022-12-15T05:58:55+00:00,tv,finished_airing,"[{'id': 1, 'name': 'Action'}, {'id': 39, 'name': 'Detective'}, {'id': 8, 'name': 'Drama'}, {'id': 7, 'name': 'Mystery'}, {'id': 37, 'name': 'Supernatural'}]",26,"{'year': 2002, 'season': 'summer'}","{'day_of_the_week': 'wednesday', 'start_time': '01:25'}",original,1500,pg_13,"[{'medium': 'https://cdn.myanimelist.net/images/anime/6/6704.jpg', 'large': 'https://cdn.myanimelist.net/images/anime/6/6704l.jpg'}, {'medium': 'https://cdn.myanimelist.net/images/anime/6/10253.jpg', 'large': 'https://cdn.myanimelist.net/images/anime/6/10253l.jpg'}, {'medium': 'https://cdn.myanimelist.net/images/anime/10/19969.jpg', 'large': 'https://cdn.myanimelist.net/images/anime/10/19969l.jpg'}, {'medium': 'https://cdn.myanimelist.net/images/anime/8/21247.jpg', 'large': 'https://cdn.myanimelist.net/images/anime/8/21247l.jpg'}, {'medium': 'https://cdn.myanimelist.net/images/anime/3/22901.jpg', 'large': 'https://cdn.myanimelist.net/images/anime/3/22901l.jpg'}, {'medium': 'https://cdn.myanimelist.net/images/anime/3/22902.jpg', 'large': 'https://cdn.myanimelist.net/images/anime/3/22902l.jpg'}, {'medium': 'https://cdn.myanimelist.net/images/anime/11/25527.jpg', 'large': 'https://cdn.myanimelist.net/images/anime/11/25527l.jpg'}, {'medium': 'https://cdn.myanimelist.net/images/anime/11/66465.jpg', 'large': 'https://cdn.myanimelist.net/images/anime/11/66465l.jpg'}, {'medium': 'https://cdn.myanimelist.net/images/anime/1796/91065.jpg', 'large': 'https://cdn.myanimelist.net/images/anime/1796/91065l.jpg'}, {'medium': 'https://cdn.myanimelist.net/images/anime/1338/106905.jpg', 'large': 'https://cdn.myanimelist.net/images/anime/1338/106905l.jpg'}, {'medium': 'https://cdn.myanimelist.net/images/anime/1602/109649.jpg', 'large': 'https://cdn.myanimelist.net/images/anime/1602/109649l.jpg'}]",,[],[],"[{'node': {'id': 2025, 'title': 'Darker than Black: Kuro no Keiyakusha', 'main_picture': {'medium': 'https://cdn.myanimelist.net/images/anime/5/19570.jpg', 'large': 'https://cdn.myanimelist.net/images/anime/5/19570l.jpg'}}, 'num_recommendations': 12}, {'node': {'id': 790, 'title': 'Ergo Proxy', 'main_picture': {'medium': 'https://cdn.myanimelist.net/images/anime/1183/136187.jpg', 'large': 'https://cdn.myanimelist.net/images/anime/1183/136187l.jpg'}}, 'num_recommendations': 11}, {'node': {'id': 13601, 'title': 'Psycho-Pass', 'main_picture': {'medium': 'https://cdn.myanimelist.net/images/anime/5/43399.jpg', 'large': 'https://cdn.myanimelist.net/images/anime/5/43399l.jpg'}}, 'num_recommendations': 7}, {'node': {'id': 150, 'title': 'Blood+', 'main_picture': {'medium': 'https://cdn.myanimelist.net/images/anime/10/10183.jpg', 'large': 'https://cdn.myanimelist.net/images/anime/10/10183l.jpg'}}, 'num_recommendations': 4}, {'node': {'id': 467, 'title': 'Koukaku Kidoutai: Stand Alone Complex', 'main_picture': {'medium': 'https://cdn.myanimelist.net/images/anime/11/50857.jpg', 'large': 'https://cdn.myanimelist.net/images/anime/11/50857l.jpg'}}, 'num_recommendations': 4}, {'node': {'id': 270, 'title': 'Hellsing', 'main_picture': {'medium': 'https://cdn.myanimelist.net/images/anime/10/19956.jpg', 'large': 'https://cdn.myanimelist.net/images/anime/10/19956l.jpg'}}, 'num_recommendations': 4}, {'node': {'id': 202, 'title': ""Wolf's Rain"", 'main_picture': {'medium': 'https://cdn.myanimelist.net/images/anime/5/59403.jpg', 'large': 'https://cdn.myanimelist.net/images/anime/5/59403l.jpg'}}, 'num_recommendations': 3}, {'node': {'id': 20053, 'title': 'Wizard Barristers: Benmashi Cecil', 'main_picture': {'medium': 'https://cdn.myanimelist.net/images/anime/9/58145.jpg', 'large': 'https://cdn.myanimelist.net/images/anime/9/58145l.jpg'}}, 'num_recommendations': 3}, {'node': {'id': 9756, 'title': 'Mahou Shoujo Madoka★Magica', 'main_picture': {'medium': 'https://cdn.myanimelist.net/images/anime/11/55225.jpg', 'large': 'https://cdn.myanimelist.net/images/anime/11/55225l.jpg'}}, 'num_recommendations': 2}, {'node': {'id': 6973, 'title': 'Senkou no Night Raid', 'main_picture': {'medium': 'https://cdn.myanimelist.net/images/anime/7/24229.jpg', 'large': 'https://cdn.myanimelist.net/images/anime/7/24229l.jpg'}}, 'num_recommendations': 2}]","[{'id': 14, 'name': 'Sunrise'}]","{'status': {'watching': '5428', 'completed': '51103', 'on_hold': '5809', 'dropped': '6068', 'plan_to_watch': '43784'}, 'num_list_users': 112192}"
8,Bouken Ou Beet,"{'medium': 'https://cdn.myanimelist.net/images/anime/7/21569.jpg', 'large': 'https://cdn.myanimelist.net/images/anime/7/21569l.jpg'}","{'synonyms': ['Adventure King Beet'], 'en': 'Beet the Vandel Buster', 'ja': '冒険王ビィト'}",2004-09-30,2005-09-29,"It is the dark century and the people are suffering under the rule of the devil, Vandel, who is able to manipulate monsters. The Vandel Busters are a group of people who hunt these devils, and among them, the Zenon Squad is known to be the strongest busters on the continent. A young boy, Beet, dreams of joining the Zenon Squad. However, one day, as a result of Beet's fault, the Zenon squad was defeated by the devil, Beltose. The five dying busters sacrificed their life power into their five weapons, Saiga. After giving their weapons to Beet, they passed away. Years have passed since then and the young Vandel Buster, Beet, begins his adventure to carry out the Zenon Squad's will to put an end to the dark century. ",6.94,4252,5153,15039,6427,white,2005-11-10T22:17:49+00:00,2022-01-18T08:20:27+00:00,tv,finished_airing,"[{'id': 2, 'name': 'Adventure'}, {'id': 10, 'name': 'Fantasy'}, {'id': 27, 'name': 'Shounen'}, {'id': 37, 'name': 'Supernatural'}]",52,"{'year': 2004, 'season': 'fall'}","{'day_of_the_week': 'thursday', 'start_time': '18:30'}",manga,1380,pg,"[{'medium': 'https://cdn.myanimelist.net/images/anime/10/3445.jpg', 'large': 'https://cdn.myanimelist.net/images/anime/10/3445l.jpg'}, {'medium': 'https://cdn.myanimelist.net/images/anime/13/6297.jpg', 'large': 'https://cdn.myanimelist.net/images/anime/13/6297l.jpg'}, {'medium': 'https://cdn.myanimelist.net/images/anime/4/20592.jpg', 'large': 'https://cdn.myanimelist.net/images/anime/4/20592l.jpg'}, {'medium': 'https://cdn.myanimelist.net/images/anime/7/21569.jpg', 'large': 'https://cdn.myanimelist.net/images/anime/7/21569l.jpg'}]",,"[{'node': {'id': 1123, 'title': 'Bouken Ou Beet Excellion', 'main_picture': {'medium': 'https://cdn.myanimelist.net/images/anime/4/21570.jpg', 'large': 'https://cdn.myanimelist.net/images/anime/4/21570l.jpg'}}, 'relation_type': 'sequel', 'relation_type_formatted': 'Sequel'}]",[],"[{'node': {'id': 417, 'title': 'Ragnarök The Animation', 'main_picture': {'medium': 'https://cdn.myanimelist.net/images/anime/10/2589.jpg', 'large': 'https://cdn.myanimelist.net/images/anime/10/2589l.jpg'}}, 'num_recommendations': 2}, {'node': {'id': 136, 'title': 'Hunter x Hunter', 'main_picture': {'medium': 'https://cdn.myanimelist.net/images/anime/1305/132237.jpg', 'large': 'https://cdn.myanimelist.net/images/anime/1305/132237l.jpg'}}, 'num_recommendations': 2}, {'node': {'id': 479, 'title': 'Ueki no Housoku', 'main_picture': {'medium': 'https://cdn.myanimelist.net/images/anime/8/20596.jpg', 'large': 'https://cdn.myanimelist.net/images/anime/8/20596l.jpg'}}, 'num_recommendations': 1}, {'node': {'id': 127, 'title': 'Gate Keepers', 'main_picture': {'medium': 'https://cdn.myanimelist.net/images/anime/12/15226.jpg', 'large': 'https://cdn.myanimelist.net/images/anime/12/15226l.jpg'}}, 'num_recommendations': 1}, {'node': {'id': 129, 'title': 'Gensoumaden Saiyuuki', 'main_picture': {'medium': 'https://cdn.myanimelist.net/images/anime/11/75282.jpg', 'large': 'https://cdn.myanimelist.net/images/anime/11/75282l.jpg'}}, 'num_recommendations': 1}, {'node': {'id': 223, 'title': 'Dragon Ball', 'main_picture': {'medium': 'https://cdn.myanimelist.net/images/anime/1887/92364.jpg', 'large': 'https://cdn.myanimelist.net/images/anime/1887/92364l.jpg'}}, 'num_recommendations': 1}, {'node': {'id': 246, 'title': 'Groove Adventure Rave', 'main_picture': {'medium': 'https://cdn.myanimelist.net/images/anime/9/20134.jpg', 'large': 'https://cdn.myanimelist.net/images/anime/9/20134l.jpg'}}, 'num_recommendations': 1}, {'node': {'id': 138, 'title': 'Hunter x Hunter: Greed Island', 'main_picture': {'medium': 'https://cdn.myanimelist.net/images/anime/1902/122320.jpg', 'large': 'https://cdn.myanimelist.net/images/anime/1902/122320l.jpg'}}, 'num_recommendations': 1}, {'node': {'id': 11061, 'title': 'Hunter x Hunter (2011)', 'main_picture': {'medium': 'https://cdn.myanimelist.net/images/anime/1337/99013.jpg', 'large': 'https://cdn.myanimelist.net/images/anime/1337/99013l.jpg'}}, 'num_recommendations': 1}, {'node': {'id': 28121, 'title': 'Dungeon ni Deai wo Motomeru no wa Machigatteiru Darou ka', 'main_picture': {'medium': 'https://cdn.myanimelist.net/images/anime/2/70187.jpg', 'large': 'https://cdn.myanimelist.net/images/anime/2/70187l.jpg'}}, 'num_recommendations': 1}]","[{'id': 18, 'name': 'Toei Animation'}]","{'status': {'watching': '791', 'completed': '8063', 'on_hold': '821', 'dropped': '1234', 'plan_to_watch': '4128'}, 'num_list_users': 15037}"
